"id","order_user_id"
1,"626a81ce9a8cd1920641e26b"
2,"626a81ce9a8cd1920641e268"
3,"626a81ce9a8cd1920641e275"
4,"626a81ce9a8cd1920641e25c"
5,"626a81ce9a8cd1920641e277"
6,"626a81ce9a8cd1920641e2a1"
7,"626a81ce9a8cd1920641e272"
8,"626a81ce9a8cd1920641e28a"
9,"626a81ce9a8cd1920641e279"
10,"626a81ce9a8cd1920641e28c"
11,"626a81ce9a8cd1920641e282"
12,"626a81ce9a8cd1920641e276"
13,"626a81ce9a8cd1920641e289"
14,"626a81ce9a8cd1920641e283"
15,"626a81ce9a8cd1920641e296"
16,"626a81ce9a8cd1920641e2ab"
17,"626a81ce9a8cd1920641e29f"
18,"626a81ce9a8cd1920641e278"
19,"626a81ce9a8cd1920641e288"
20,"626a81ce9a8cd1920641e26d"
21,"626a81ce9a8cd1920641e293"
22,"626a81ce9a8cd1920641e286"
23,"626a81ce9a8cd1920641e25d"
24,"626a81ce9a8cd1920641e29b"
25,"626a81ce9a8cd1920641e285"
26,"626a81ce9a8cd1920641e267"
27,"626a81ce9a8cd1920641e274"
28,"626a81ce9a8cd1920641e2ae"
29,"626a81ce9a8cd1920641e299"
30,"626a81ce9a8cd1920641e287"
31,"626a81ce9a8cd1920641e280"
32,"626a81ce9a8cd1920641e25a"
33,"626a81ce9a8cd1920641e28b"
34,"626a81ce9a8cd1920641e266"
35,"626a81ce9a8cd1920641e2a7"
36,"626a81ce9a8cd1920641e26f"
37,"626a81ce9a8cd1920641e2b3"
38,"626a81ce9a8cd1920641e290"
39,"626a81ce9a8cd1920641e26a"
40,"626a81ce9a8cd1920641e2b9"
41,"626a81ce9a8cd1920641e297"
42,"626a81ce9a8cd1920641e2b4"
43,"626a81ce9a8cd1920641e2a5"
44,"626a81ce9a8cd1920641e26c"
45,"626a81ce9a8cd1920641e2b5"
46,"626a81ce9a8cd1920641e28e"
47,"626a81ce9a8cd1920641e2a0"
48,"626a81ce9a8cd1920641e2a8"
49,"626a81ce9a8cd1920641e25e"
50,"626a81ce9a8cd1920641e28f"
51,"626a81ce9a8cd1920641e27f"
52,"626a81ce9a8cd1920641e2a9"
53,"626a81ce9a8cd1920641e25f"
54,"626a81ce9a8cd1920641e2b2"
55,"626a81ce9a8cd1920641e2b8"
56,"626a81ce9a8cd1920641e2a2"
57,"626a81ce9a8cd1920641e291"
58,"626a81ce9a8cd1920641e2a4"
59,"626a81ce9a8cd1920641e2ba"
60,"626a81ce9a8cd1920641e265"
61,"626a81ce9a8cd1920641e261"
62,"626a81ce9a8cd1920641e2b6"
63,"626a81ce9a8cd1920641e2ac"
64,"626a81ce9a8cd1920641e27d"
65,"626a81ce9a8cd1920641e28d"
66,"626a81ce9a8cd1920641e295"
67,"626a81ce9a8cd1920641e27e"
68,"626a81ce9a8cd1920641e2ad"
69,"626a81ce9a8cd1920641e258"
70,"626a81ce9a8cd1920641e294"
71,"626a81ce9a8cd1920641e25b"
72,"626a81ce9a8cd1920641e29d"
73,"626a81ce9a8cd1920641e2aa"
74,"626a81ce9a8cd1920641e260"
75,"626a81ce9a8cd1920641e298"
76,"626a81ce9a8cd1920641e2a6"
77,"626a81ce9a8cd1920641e29a"
78,"626a81ce9a8cd1920641e259"
79,"626a81ce9a8cd1920641e281"
80,"626a81ce9a8cd1920641e2af"
81,"626a81ce9a8cd1920641e26e"
82,"626a81ce9a8cd1920641e29c"
83,"626a81ce9a8cd1920641e2b1"
84,"626a81ce9a8cd1920641e27c"
85,"626a81ce9a8cd1920641e284"
86,"626a81ce9a8cd1920641e271"
87,"626a81ce9a8cd1920641e2b7"
88,"626a81ce9a8cd1920641e264"
89,"626a81ce9a8cd1920641e2bb"
90,"626a81ce9a8cd1920641e27b"
91,"626a81ce9a8cd1920641e2a3"
92,"626a81ce9a8cd1920641e270"
93,"626a81ce9a8cd1920641e262"
94,"626a81ce9a8cd1920641e292"
95,"626a81ce9a8cd1920641e263"
96,"626a81ce9a8cd1920641e2b0"
97,"626a81ce9a8cd1920641e269"
98,"626a81ce9a8cd1920641e27a"
99,"626a81ce9a8cd1920641e273"
100,"626a81ce9a8cd1920641e29e"
